recording_id,species_id
8028f97c2,12
7e60a570a,23
b441cf212,23
cddceb09a,12
adbe22d73,10
acb80ff69,17
b1567318d,17
23f2f2080,17
c12e0a62b,17
a12182698,17
c4ec1e7de,12
19d786948,17
fb71ca02d,23
5bc5ecedf,18
180d82dca,17
62433a307,18
1d949c49d,23
22a4f5ea7,10
d91f26b37,17
caf8b47ae,12
e0e8ceb33,18
ce4002d4e,23
27c146a88,23
7a578a3db,17
4261df85b,23
5b1e3b55b,17
4f1e24bce,10
551385b05,10
d59d099b3,17
9074b816c,17
46d4f692a,18
6d108a590,18
28974b8b6,17
f7cf8e342,12
af0cf8016,10
670946fce,18
206f79102,23
0e0a36d7a,18
c848a67ab,18
71e3f0503,10
5c18970b8,12
16553d5cd,23
d5cd58b16,17
38e65e173,17
783029b7b,18
915443145,10
9cb5f0d5f,18
049bbf288,23
94b789ac1,12
ac7f34e8f,12
2c8b3fa52,23
928ef4799,17
2bb539997,10
d169ed0b5,12
de621d3a5,12
a0af97b46,23
568f644e1,12
437975e83,23
84fd342f8,12
6093f0100,17
f93a90649,10
737d85472,23
f806be4f5,10
5e94a23dd,10
557506b62,17
e42155880,18
f827a8428,23
1ce9fc3a3,10
17817e8f8,12
534ffb33a,10
364e10d4b,17
5cbd74b02,10
9c00b4d82,10
0f51600c8,10
f1b7d8c75,18
0f9fcb0c4,10
dd81b8980,17
7ab53e433,10
5e7749f0e,17
1ed1abd44,17
c8bed66bb,10
428dae65f,18
715e2e294,18
4efa1757c,17
eca5caddc,10
59ce91d00,17
678d9eb55,23
fe754ef0d,10
efd9010ba,23
b6b2bb1cd,17
cfdd68da2,12
ec098238c,10
942ca05c0,18
2e6758f3e,17
2fc2eca0c,17
34ccdfe77,18
6a1ffc4ef,10
45a4a9f44,18
498598789,10
ebeb631d2,18
3c1e77d9f,17
cf44264e5,23
b98d2c0f3,23
e00453b19,17
1e956d53b,17
d015ef3b5,23
ea394632e,10
561ed4362,23
87b953b11,18
f28530d94,18
e4c1b54b5,12
079cef4b3,17
404fa2c71,23
ba787d546,10
b4e23c482,17
929d655d3,23
83028db30,23
499b189fb,17
ec02f75ce,18
8b237e9eb,23
499b189fb,17
3c48834c4,17
edccfd690,23
2ceab2a50,18
80183e4c7,18
cb61399d9,12
bef0a8e4c,23
7842a2fc4,23
f3f82b897,17
119b154cc,23
9996f3de8,18
d59d099b3,17
b7af37ae0,18
56473f006,17
03971ab79,18
af99851ef,18
6f423ed00,23
4ddebf17c,10
3647cd276,12
c7eba6954,12
2348f2034,12
4bc00de61,23
53517f2da,17
6add524d7,10
90170bbf9,12
3f002c337,10
18abb84a3,12
157b73cfe,17
c4ec1e7de,17
d893bddaa,23
90170bbf9,12
84fd342f8,17
a904aee98,23
935e4c9b0,12
aefd0f061,17
7613c89c2,17
9919deb2f,17
0f08c882f,23
119b154cc,17
fae8f99f6,17
f9bab6d86,12
4ef096b89,23
b50cd60ee,18
a1048dac6,18
0d503b7e8,10
8eab581da,23
a6266987d,23
073e4d908,12
d403225be,23
3a6637fb8,10
e438acdff,12
3eea13716,17
f9f2bfa12,12
2f11a8c05,23
6c032e356,23
a05862d01,17
8ec106891,18
a11b8f4b0,10
1fb41e1c4,18
ae485a26a,18
49b0f27db,17
631ed1b9c,23
4fab1986e,23
aea0fe44d,17
3a2afcf76,18
90836bf07,23
2a94d4b86,23
4e2bafe4d,17
e54604c66,10
17f55e62b,18
4229f3787,18
34340b225,23
9ea0bb335,23
8215b2a9c,17
c6e9db009,17
bbcb45cc0,10
47dde331d,17
c7677947e,17
01a976045,18
2fe00fdac,23
d689cee57,12
78cd98347,23
af23806c4,12
9d6de44f0,18
0c48ed342,17
48ceeeb96,12
ce4002d4e,12
1fb27e574,23
b297fe7ef,18
33c49049b,10
87e518677,17
6f252ae6e,23
8cee03244,23
cd96b0637,17
4621de448,23
dc27c393a,10
d92f32f51,23
f64cfa023,23
e4c1b54b5,17
dcc3ada2a,10
c584081e4,17
826093ce7,10
d7730ecbc,18
e71a00f8d,17
1b90ba570,12
cb3285a5b,17
4b3e0b984,17
bf68ca2b0,17
942b41be5,17
cc05ecd08,18
7448edc55,17
98d2722f5,17
221b20d20,17
523267c09,10
7478fd629,18
9817ad011,18
ac1f2633e,17
43fee64b4,18
0968aea09,12
06c44d203,12
43d34d63c,18
44f4e69f6,17
d3ca12fcc,17
77cde7112,18
fceda95a6,10
7c2d10d0a,10
09a946316,23
657339fdd,10
4bca7a973,12
01dd6474a,10
99efe9a99,10
9f45e0d76,10
414a5da6e,10
340c7f964,23
c131e9b07,10
2b1b234ce,23
9425c4b01,12
35a0342b2,18
d5163b4ef,10
2e698aba5,23
03e8c2dc8,12
95b0acae3,10
c21cff9ba,17
6166bd53b,17
1ef301db3,17
687733bf1,17
f51c0da28,23
c6713b132,17
f0d8ebc52,17
0c07848ae,18
2308ff2e5,23
cb44804ac,23
c146d2422,17
ab5e71344,23
868db1d19,23
aeb0f61bf,12
08f1d28d2,23
bdec2b074,10
7824bd6ff,23
61d247d6b,23
eccdd4ea8,18
24de2bce7,18
03b0b2911,17
50b852b5f,10
12ab8cc1e,18
ce4002d4e,12
1c0510f72,23
f3ed4434b,10
0a9143370,17
e61f696cf,18
912b56587,12
3706b60bc,10
8c2c746fa,12
c84df9ac5,23
c6072a608,10
c21b3e6c8,17
65f32be6d,17
8a4fde83f,17
c1c7e3370,17
d5992de83,17
e0bbdcd8d,17
7a7523920,17
88b2756d9,10
f5087f6e9,23
e22487d26,10
1cd3a6d11,23
f4dd82c85,18
0e952fb8a,23
485247827,17
1aa00dc63,18
acaa59d2b,10
ca0bf5f45,18
5e647f796,23
128b7044e,23
3fbde2a1f,17
049a76094,23
862c8bffa,12
7ab084435,10
8002a1798,18
e8b85bca0,17
6c46ba8f1,17
d6713bfd9,23
4d2d0f5e3,23
67205f705,18
119b154cc,17
620ca6454,23
8303f19b8,23
871aff1b5,23
2026bced7,12
632af67c7,23
7a49b2465,17
38c1d46ef,10
24d8e11a9,23
4c8d4eda8,17
f7d3b0080,10
c38932af9,10
ed2f84e75,23
d3abb14b7,17
84550302d,17
5bf1ac192,23
e59588338,17
ff858780b,12
5f34798c3,23
0099c367b,17
822e204df,23
8daabd226,10
567e55bef,23
b72980251,12
5422cbdda,23
3a2b59426,12
56d22a5b3,18
a30fc5a56,23
575044d36,10
d3020850e,12
667cb9ba7,10
8487fa506,23
0275e127d,10
cf4dee5dc,17
51fc99844,12
7cd8ce712,23
5a55970ad,17
869145e0b,23
c0722e5fd,12
988e03248,10
d6713bfd9,17
e1b24c35f,23
16cf75798,18
d7b2622e9,23
7227068d3,23
e89563a18,23
c12ca0c0f,10
db3cdbf35,17
221b20d20,17
85fd75b28,12
d5992de83,23
58ac9ae47,18
48ceeeb96,23
50d982302,12
6b46c794b,10
8d1aa8b4f,12
de8af793e,10
f8cb4f59b,17
d6c136fc8,10
5cd1a3c29,12
fd1970634,18
2fa789928,12
24e76d609,12
427d1a943,18
d2521e761,12
515ab9c02,10
48fb7aa8d,23
cb5ddad47,17
9cb5f0d5f,10
32464c219,18
7fd54f2d4,23
f7c93a6a8,23
7c7c016f6,23
7859fda05,12
ef0dffdab,12
85b8520bf,12
200656f13,23
db29755be,12
0c448e77c,17
faca6a380,17
3f0f6e73d,10
e10908e68,23
408fcd1dc,23
c7dc9f7f4,23
f3cb40395,23
ffaaa4c77,10
61d1f5e59,23
edc38715d,23
a37a0bba7,17
6d93f853d,17
e5fb30fa4,17
94dc4b563,17
2d81f8edf,17
4002de600,23
0f8ea71e4,23
05194d95e,12
dd35e08f1,18
68049cb26,17
65f32be6d,17
56333906d,12
3fcca1372,17
ecd47f7cc,23
30c4c7522,10
2f11a8c05,17
b6e0c5c42,10
bb257e4af,23
110a7678f,10
a1873fe1a,17
c5d282e1e,23
520a743a9,18
84b066e27,10
450fe6a1e,17
ae521f781,12
0876d30ac,23
8e6e5659e,18
37e8f76ab,23
e3a71c03b,12
e53e45454,10
158c5acb6,17
03e8c2dc8,17
459389f95,12
c874f072d,23
7227068d3,12
aae654cb9,23
e18411873,18
d37d68bdb,17
57de62a79,23
da708c386,12
7a8747d7b,17
2c97a8020,23
84d2746ce,10
a34edc26f,23
911df6a5e,23
134c64639,23
d69d972b4,17
e317ae8c7,17
246434b48,10
477119234,12
0e799da44,18
ccd017bff,17
c5de5386a,18
bd2ffd93e,10
d1d23c26d,17
88c331db3,10
5bfe1dec6,17
87b2981de,18
9a884492c,23
4ce39f33d,23
af6b32ad4,23
053aeb7bd,23
59a9eb657,23
f59a76d40,18
3f19ff147,18
17b6d882e,23
cb3285a5b,10
eccdd4ea8,23
a12d0c71c,17
f6e41b038,18
c8e0b8353,23
cb5ddad47,17
b2c16d2d4,17
dd81b8980,17
aacdd6c41,17
d284a6ee2,23
13c887207,12
62f33099f,17
178b835e3,23
50837f004,12
a189dad1b,10
46e316674,18
d291fab38,17
55b2b19d1,17
74fbde29b,18
c12e0a62b,17
ef0dffdab,17
160c76ee7,23
edcdb1df0,17
a554c9c3e,23
9fbcd740a,23
f3df14ff5,17
1a9743443,12
954262c8f,23
cb61399d9,10
5b219bb1c,12
2393b59e0,23
d7a655c45,17
15d9e6d8b,18
f51c0da28,10
e311ea99b,17
5c609dbfb,18
e4454e447,23
82ff46226,23
03ac92720,10
160c65ebc,17
9b7ef67f5,10
d4e5616b6,23
d7cb8e99f,12
326992b55,12
7aee07881,12
825084273,12
0d4a24cc8,23
dc6734a0e,17
b1567318d,17
990662a03,18
2febbdfc5,23
1d1083982,17
47ff9c6bc,18
01d1aeb9a,17
3c766c3c8,23
9c86d718d,17
a51afbc02,17
ff6aa0e63,18
f885c0336,23
a2ae08a6e,12
1e469c124,18
8593f9606,17
d8b362a0a,12
5f8eecc9e,23
7e370f1f3,18
bc0b86e9a,17
c856e9ac6,23
9afa17810,17
c6e411c90,23
4916ad38a,18
2d4be0d32,23
71db64300,23
0cf1a2ecd,12
533ae3f85,18
d2bd64c72,23
d0ea4e8aa,17
708e4dd42,12
59a9eb657,17
64336bff0,17
43423d1e3,18
0dceae04a,12
61b576271,17
cb6361d10,23
c8aec31ab,23
1af4713d0,17
8b24f2f98,18
718e842a7,18
8a911af21,23
6af54a2ef,12
306c7f7f9,23
c5b77ac32,17
3c621e663,17
cdb4a1e29,10
28250a178,12
0a9143370,17
d0ea4e8aa,18
86de74a7c,23
498cf88de,12
8a36a56bd,10
5b5e3b4f6,10
2ae54cd8e,23
5f8eecc9e,23
079cef4b3,18
8c7648ac2,17
9b59cbadc,17
ed2ae7025,18
cf9f7c5b6,17
14218200a,17
b55999b5b,23
ce5b205f3,12
59b4226c2,23
097a91620,17
4faff1567,23
4982fe54d,17
097a91620,23
5a7cc4e44,17
e77061ecf,12
cb3285a5b,12
749447350,12
1a9743443,12
c8c39d92c,23
b68e70116,18
476398f34,17
10fc9a772,23
f5427b3c3,23
5063b6b7c,23
d9544d359,10
bec6d5f64,23
b3da3e09c,17
338184e49,18
1e379f7a6,23
c138beefa,17
ae6c05443,23
b3b432bcc,23
371ef3886,12
bda5fbf5a,17
cb6361d10,18
c0a0e43f1,23
6f036d0ff,18
6346c01fa,18
63e47e918,17
0bca40ab7,23
b42aa0f8b,17
2d1d36b45,23
bc3f9bc70,17
55b2b19d1,23
0a4e7e350,10
aa1ee13f5,23
b2f3a6df5,23
33d5aebae,12
e3cb27123,18
d5cd58b16,17
21aa5dd1b,17
5281fc845,18
890abb1e3,23
619a7af56,17
ed82ecb39,23
3b83c6041,10
ef0faf6e4,12
64877c794,23
492aa511d,23
2cd6722de,23
a00811313,17
07edb03ee,23
003b04435,23
0efea8645,12
bda5fbf5a,18
23edf6e3a,17
111e16fce,17
d8682919a,17
5400d50cd,12
d89c2cc01,10
75c169e51,10
8529da957,18
355ab6993,23
8eb0e591c,10
c21cff9ba,17
f2dfb1141,17
c3ed6269b,18
bae729612,23
438c12dbc,23
5673135ca,23
96e4d0c55,18
ce66ba21f,23
a52ca6402,10
50de63436,18
9d1eee84d,23
edd568403,12
b69ef4e9a,10
774912d66,23
f33f1761c,17
cea5f9671,10
95009b8a9,10
e9718c8a3,18
9dad9aacc,23
1a0846177,18
90dae96a8,23
d93aaa1bc,18
1e0841e3e,23
73c6702b4,17
b0aabdd5e,23
5ceffea1d,17
044f7a7e5,17
dca449f04,17
13ccbd76b,10
1dbb4a233,23
0313e82cf,17
dac7a83a3,10
f63c7ca2f,10
2eab70582,18
7d8f64e05,17
94727a701,12
d59d099b3,17
f241314bb,17
b27432d62,10
1821c718c,17
7c190fe10,23
fff163132,17
2f471452d,18
811eb8938,23
cae7b4e19,23
9502c6244,23
b113aaf6c,12
f61b72beb,23
f5052f12e,10
211cde35f,10
6542fd7a5,10
56333906d,18
de3e724d0,18
6f7eec323,17
0079ff47b,17
3d7a0cbcc,12
9d1eee84d,10
3d63d443b,17
95584cdc7,23
ce66ba21f,17
e241fa412,23
0a29fd478,10
bb71b28e8,18
14c77ad32,18
160add406,23
809f887ad,12
35a0342b2,23
a6737db48,18
732cfd202,17
50d982302,12
0669568b1,17
8cd40473f,23
3131292b7,18
938d9433b,18
8fa859d45,17
2cd094d21,12
869145e0b,17
55228e5c5,12
d58429096,23
dca449f04,17
7583b7c0c,17
bedcc4c9b,18
97630c03d,17
2c97a8020,17
a87cd26bc,18
6699f108a,23
e121e9a23,23
7e0d06929,10
442e648c3,18
62de3f962,23
5c22f5f77,23
6414d3225,18
db3e17f41,10
d91f25ca7,23
f879b8abf,17
e860b5f55,10
04d6b1fc1,17
55035bfca,23
fe83b6421,23
a339d1955,23
e67d1e166,17
88b2756d9,17
783029b7b,17
eec8513cf,23
a993402e2,23
11bafff5d,23
087e68d29,23
5f32514a2,18
d9f9d51f6,12
896080a53,12
b903019b9,23
8eb1bc5e1,23
b2dddb23b,17
9b5bdb9bb,17
095ab4bbb,17
bf6aa9579,18
625c8a5e2,17
1028dc3ed,17
8efac5ba4,10
72ac13758,23
1ca8c8af6,12
8ad61d101,23
2910b666b,17
a3c5b8e89,23
cb1e88b0e,12
7071fd618,17
17afba68e,10
64025c7e6,18
4b557883e,10
7ab53e433,23
8f3d579c8,17
b94ee8f0a,23
e3651f526,17
dacda707f,23
87308716b,23
bb71b28e8,12
f5f952b6b,17
5ad7222ae,23
a10abca35,17
4216f7492,10
63b4d63b0,12
5af76ac16,17
ea26b19ee,12
79f7b3873,17
ad77a550c,23
e007788da,17
134c64639,23
4703c3528,10
98d039965,18
ed10a157a,23
b544928c0,17
41a0e0f9e,18
dfa6a4a64,10
6183a10fc,10
572da1077,23
cbc0ccff3,23
364e10d4b,17
f51c0da28,23
a2eb73066,23
14c10dbd8,12
19b189d6e,10
7147c1869,10
c8e0b8353,12
557506b62,23
9d21d02a7,18
c8a178afd,18
74eca68e7,23
61215a02d,10
4261df85b,18
f12753fce,18
87e518677,12
4284af850,17
c238df4c4,10
58ac9ae47,12
373ec0df1,18
0f52b6177,23
150cf1c58,12
f63878d52,23
414098e6e,18
668784de4,12
ee3dc0bc6,17
cd78d6c5d,17
b6a5fed59,23
53e03be42,17
daa57db65,17
e5e9b6e63,10
b808df02d,23
f84b8c8d3,23
35bfceac7,10
06d95a7e8,12
ac7d4a80e,12
d8b362a0a,17
f7d92975f,23
df2fa42b2,10
f3f813801,17
78941c48b,17
96d0e4d61,12
3d4ad27d4,23
af99851ef,12
90dae96a8,23
7caaeb706,17
f563c666c,17
c1c4d9ac3,12
a2b073406,17
f4f758958,23
119b154cc,18
ffd88cd84,17
0178fe09a,23
475ab9faa,12
0b306a59b,23
994165911,10
6360cf2fd,18
92d06e7bd,23
ac80595a7,10
4d55c368e,12
7767bf3e1,23
e7a81dc55,18
6e2259a14,23
f034ac58b,18
0b2fa3f80,12
6eccc3009,18
9d1eee84d,12
4113f2ba4,23
2bd964a10,23
65123f0c1,23
bedcc4c9b,17
660604c58,18
629489592,12
a90c80393,18
413ac68c8,23
ffb9a7b9a,18
c8d7b60a3,17
a38680501,18
32c0ebf77,10
6c30da560,18
fd59168d0,17
6e82ee19a,10
acff61b19,23
5bfe1dec6,17
8b044db51,23
5502d8ff2,10
9d293be93,17
b9f3581d5,18
b7905f8d7,12
a66d44311,10
aea0fe44d,12
f829230cd,10
11a475baa,18
fd71b9c9d,23
830392799,17
b79bbab79,23
e14e526c4,23
51740727d,23
e8799a715,17
1f005146f,10
93eb4d412,23
ec5e26845,23
f3bebfb56,18
007f87ba2,12
b80bfc8f2,17
259a2986d,10
c7eba6954,18
ce4a422fa,23
7859fda05,23
45eb59137,23
400b7210c,17
43b27b5ab,18
421c20bdc,10
15bc6e498,18
557fb15c7,18
340c7f964,18
55d68ab36,17
774912d66,23
604583528,23
557fb15c7,17
8617b62b0,17
2d805f006,17
cb3e3b083,12
c727fdb29,23
533523ce2,18
1c983c37d,10
1abe6487f,17
0cf1a2ecd,12
cee1c4a44,18
3641f60b7,18
1aaff8b07,10
ffc6031f8,23
58ad8e5fc,18
35a6e0f7e,12
e4c1b54b5,17
56992e114,23
2cd094d21,17
3c1e77d9f,17
cb3e3b083,17
e61f696cf,17
07748f4da,23
d396e24de,12
1100df69a,17
27eb32774,23
7dec0f472,10
c5cfc1beb,23
fd32fec9c,23
119b154cc,12
c1a5ee1dd,10
e1ed501f9,23
d4b2c6c14,18
764a0b80c,23
939659635,18
78e9f0460,17
5b1e3b55b,17
0f1ab51d5,17
048c43993,23
7f0435927,10
820799e38,17
366fad396,18
b3da3e09c,17
8921fa98d,18
3fcead61b,17
883db48e7,23
a227d1315,17
8250cac8d,18
b156b0132,17
2c763167e,23
bb76d35a5,23
8c7648ac2,23
2ef55ba62,10
56334e3c8,17
02b9a8ab9,12
4804370bf,23
1d1a43a51,10
21ce5cb13,10
890c14284,17
5f9b4785b,18
c5b6c5b49,18
f8cb4f59b,17
e3daeed31,18
8983e42bf,17
1504619b7,18
d3ca12fcc,12
2d805f006,17
537d68a67,10
b46ce77de,17
886af77dd,23
158fd6508,23
cbc07e2ec,12
162733a64,18
eab360d90,23
39864d8ba,10
1c229b9bf,10
9310f718f,23
4afa4d4d2,17
23adb9473,23
77421c86d,12
47a06e99e,23
fc326c372,17
f4f758958,23
b5cfd95e2,10
7de7d4ab5,10
7080d05d4,23
25baea02d,17
551385b05,23
4f32e4c9e,10
5f0242614,23
c57363daf,10
0968aea09,10
39c15e092,10
8cd40473f,23
8ec858427,17
20334f36e,23
63e47e918,23
27c146a88,17
e27bcadb1,12
bc12e59b4,18
2c97a8020,17
e3aece4d9,23
58abd41b1,23
1d079d7fc,17
7225b9048,10
0fc62dd3c,18
18d1e6ea1,12
ff61d0146,23
874247006,17
942b41be5,17
c72cc7b33,17
2c8b3fa52,17
42ea7a091,18
4e8ce4ee5,23
1cf65a85a,12
4229f3787,10
28974b8b6,12
2348f2034,17
ecb326f94,23
567e55bef,23
af179df28,18
1aef4f8ff,17
2bb539997,18
62ce69590,18
6c2400d3e,18
72d2b57bc,18
2f1c2dc2d,12
b4a3fb69c,17
76ca28f1f,23
dcf09c26d,18
f15dd21b5,17
631ed1b9c,10
72ccf4de7,23
c584081e4,18
57e8854f7,10
4afa51495,10
cfca0f35c,17
d6c75de73,12
698cd97d6,18
7878d8306,17
8ffc662db,18
7c7c016f6,23
e666beee8,18
5840c2d77,10
7fe6e83df,18
1ad5b7e94,23
892b96dce,23
e383713d9,23
966736b59,10
6b5e9336d,17
6e06d9c36,10
de01590a0,23
c42c6d95c,12
ecb326f94,12
92d7efc6f,17
c8a9319a2,23
e1a046050,12
6e2259a14,23
e70c89140,18
400b7210c,17
c28ca28d5,18
437cab912,23
5b54af5a2,12
6e9a6ed8e,17
e8799a715,23
711630bd8,18
73b9fcd25,12
c3f4242db,10
f879b8abf,17
a7b5b16f2,17
f638038ca,18
22c65e24d,17
d810b6166,23
094b72326,10
b070bc5aa,17
c614909e8,12
7a0847c03,23
910910c1d,23
787d688f7,17
f4c78a256,23
55b2b19d1,23
006ab765f,23
b96574294,18
f3fa23916,23
b4f532da2,17
f76471a24,10
314371312,23
7d039adf5,10
095a6d245,12
ee3eab224,23
45eb59137,18
c3ed6269b,23
d8b7f9ed6,23
7f261cc87,10
93af62b94,18
af95f758b,17
08243f982,23
3064b6276,23
314abd684,12
fd3199510,18
1a9743443,18
0434aa9f1,10
7fc8e9755,12
d49f05b8b,23
375ad7536,23
7448edc55,17
391674704,23
d015ef3b5,18
c1c4d9ac3,17
e72e2955e,17
aa4028cbb,23
150cf1c58,18
8b237e9eb,17
73441957d,12
b47b3fd1b,23
ea03652c6,10
c12e0a62b,17
fa4e32383,18
8c2c746fa,17
17a13256c,18
9ba959eef,23
081028e00,18
b45764a8c,23
1441fe517,12
55dca9c85,23
75fb6132b,23
7fe6e83df,12
9bcb21e7e,23
a1048dac6,23
fec53d619,17
58cd73b3f,17
8dc357382,12
aa524a44b,17
b46205f40,18
b75db3636,17
517b8984e,23
72ac13758,18
17817e8f8,10
2319eb4b4,18
55d68ab36,23
427069fef,23
37f670990,17
b164b0948,12
a916ebb05,17
cc4f5d732,23
0171866c7,18
15ec6a03d,10
83028db30,17
25d81e0f5,23
3a55f66eb,12
4b4101adf,17
43423d1e3,23
4f48cc187,17
11a52d37a,18
e5e9b6e63,12
ae81919a7,17
77b4e16e9,10
7a49b2465,12
ff255b11a,23
050d0ca85,12
044215cde,23
cb6361d10,12
053c2bfa7,23
ecb326f94,17
a87cd26bc,23
1c30a1874,12
8531f27ff,17
d8682919a,18
2f0ee87d7,18
70337c74e,23
af5867d22,23
96fc32e3d,23
cfca0f35c,17
d63830a27,17
561ed4362,18
ecca11208,17
6bf5363f9,17
761526076,10
670946fce,12
ef6cfb9fa,23
d901bd050,23
4afa4d4d2,17
d54f04596,10
d63dc82ba,23
50d053fd6,23
ae8fd3a51,23
c47a78cc1,18
e8b85bca0,17
471bb3a84,12
880652c2a,23
009b760e6,10
a3adcd88c,17
45f43a9ed,17
a2268c660,10
b3061e1fa,17
14c77ad32,23
35a0c7254,12
caf300f6f,23
6838dc4f9,10
e0f49d4ec,12
c13f3ab95,18
c220f5fec,23
bd62d4fa2,23
bda762977,17
043356ff8,18
77afc337c,10
c5d639116,17
d82d5792e,12
fe679dc72,23
b64ad3bb0,10
dc1fcc4d0,12
a993402e2,12
04e8c27b7,12
0e0f7e141,17
99b8ad978,18
ae81919a7,12
49547f036,17
dc0075e9c,12
a3adcd88c,17
d69958c40,23
011f25080,18
305312c73,23
57fe5501f,23
326992b55,12
35a0342b2,23
e8799a715,17
7304d00e9,23
03049a445,23
7a578a3db,23
04e8c27b7,18
7d23a48ec,12
3f5fa0d76,23
0d6e47220,17
4da0f1bdd,18
b7771db53,12
3f0f6e73d,17
41d515379,10
92bebe093,23
2cda33945,10
ea71a1a7d,12
a4dc957b2,23
c56dc7731,17
4c840ed89,23
5b91eec8e,10
625c8a5e2,17
498cf88de,17
309517264,12
f1273a1ca,23
536d1bd04,12
ceaca16f9,12
2a309fcdb,18
7c0dcbff5,17
74eca68e7,17
3f010282e,18
617d4dbbd,12
99aa327b4,23
4037ecd74,23
6e54fae64,17
1100df69a,17
35675af70,23
b9b36a623,18
a1d96c821,18
9996f3de8,10
2f594b20f,17
f1cc7d0a4,12
d689cee57,17
9a76cab9c,17
3b0141c04,10
14c397838,23
1736150d1,17
c69f0d176,10
5c17d020a,23
467b923c1,17
f1ecfb2df,12
84c429590,12
38709fece,23
3513db2b8,17
9c00b4d82,17
4482bd512,12
dd37a8e14,23
8f8e31e51,23
3afd4fdb9,12
bfe3e761b,17
6d58d2bf8,23
e9926ec3e,12
77a7a66fc,10
7643b684b,18
4c32a537b,23
54399c91c,18
79eb65254,10
f3f42968a,18
61b576271,17
28dff7a68,12
fb9c97afd,12
7227068d3,12
4cd27af37,17
044f7a7e5,23
76dcd03d5,12
2f1c2dc2d,18
81689418d,10
28278e5dc,23
288e5d13f,23
a3a065c09,10
d7730ecbc,17
8593f9606,17
b37fb00f0,17
f2d7ff608,10
9f8fcb625,23
e00453b19,10
44c8b5c73,12
0c8046832,23
b557f052b,23
5c87fd9b7,10
eb834b94f,23
aef347a03,12
a2e601a0d,23
6dc49f821,10
cb3e3b083,17
bb82a4058,17
51f25c83e,23
d0d340a8d,23
91efeccf7,17
5c1add666,17
41c70b0f1,23
3f88e7718,23
cb3285a5b,23
568f644e1,18
d4a03bf19,12
410af8433,17
a07a6bdf1,18
231809542,23
438c12dbc,12
e896b61a8,23
7f07486d1,23
9c60d9373,10
b45319264,12
8c7648ac2,17
528c13725,23
fab2cbfa6,18
ec56c2ee5,10
e21d56910,18
ddd8acd65,17
7e36ef3da,23
e80890ff7,23
656a61cad,23
f9dad91d4,17
7d32b80f1,23
45729ea1e,23
2e1dca0df,12
0fcc4abfb,23
5358a0dcc,23
ac7fb1d87,17
957141585,10
fe679dc72,17
e10069dce,23
911648d28,17
32326a03d,23
e8becf4c2,17
17a13256c,23
848df3de8,12
a6fd03333,10
b0fa0710b,10
5a55970ad,18
8531f27ff,17
8c81c0da2,23
e1d5724fd,18
0201197ec,10
9e5d5b03e,17
a5384acd5,17
ad5ecca53,23
36d995c55,17
35cc7e29e,23
ae19625f5,17
a7a4e533b,17
b93ba967a,17
0a4e7e350,12
dca449f04,23
33d925d83,23
ce46ce19d,17
2dbfc6c8a,10
c74879cc9,23
b6aabf399,17
73c4d8db8,17
ce0c22f8a,17
a2441a74b,17
bf2c17c1e,23
553084f02,18
07dcf40f7,10
049bbf288,17
5400d50cd,12
dfa80535f,10
7ae89b681,23
8bf90ebb9,10
3c621e663,17
0a4e7e350,12
69110fa51,17
1d1083982,17
d922d82e9,12
8eac6d941,18
51cb253b0,12
869145e0b,17
510c02608,12
86c4cbd43,18
3b4c751d3,23
2e1bf82ff,23
1b9f7d157,17
5479942ee,17
13e00ac51,17
7e17e43f9,18
ae4a3b1e2,12
87db70dff,10
1ad5b7e94,18
bf26252f1,23
49e90ebed,12
cd30a70bc,10
e333236af,10
942ca05c0,12
d7cb8e99f,17
6705bf12c,12
444ff0bad,17
631ed1b9c,23
34340b225,12
92588122c,17
4c8d4eda8,17
dcf09c26d,17
49dd06c3b,23
3d7a0cbcc,17
4978fb416,18
0adec440a,23
4ec63cd74,18
7e18385f0,10
e80890ff7,12
4284af850,17
7b975d9f0,17
e4e8c501e,10
12ec1d4cb,17
c5bb0d27f,17
226a1b887,23
200656f13,17
d1d23c26d,17
221b20d20,17
3f48c15dc,10
3c288364b,23
91efeccf7,17
e2de15b96,12
5a3f09a5c,10
d0d340a8d,17
ff858780b,18
d169ed0b5,12
5f9c0bfb4,23
ce8270c7b,12
21e86baf9,23
e2de15b96,12
9bb30c6fb,10
1100df69a,17
9a76cab9c,17
cf1d720cb,10
19efc5fcb,17
e6998cb3d,17
5918b110a,18
c15840ebf,12
b46ce77de,17
77c2a2755,18
e5b2291d4,17
939659635,12
b9ed36b25,18
3f3c49ad2,10
83028db30,23
e2dad1e3c,23
ac7fb1d87,23
f0f4fcc74,18
24ccd2df6,10
8ec858427,23
fa1776098,17
29a990e00,17
879e3a47c,23
10fc9a772,17
6ac2d2237,12
f021c411a,10
0b3479649,12
5f0242614,10
a733a6cb3,17
51319c540,10
73c482b64,23
4b8081f56,17
a389edea1,17
c220f5fec,12
013716dbf,23
fa9353c0a,23
bf2c17c1e,12
6b657cb3d,17
b7fcfb502,12
8de8aa454,17
6093f0100,17
4a172c4d6,18
7422a808c,23
5fcd09edb,12
806efa0f6,12
a51441a5e,12
8f8e4f3e2,17
3fea75045,12
50858c287,12
172bb1373,17
635c1a6e8,18
bf964d1fa,18
d2b1000c1,10
2bb539997,23
887a57272,10
2ffaa6c02,23
c929e0def,10
be93419c6,17
12ec1d4cb,12
b55d2f7b4,23
8e2ff1572,10
a982778f5,17
3523d5f6a,23
e5e62e9ab,18
6eddeebb1,18
3f4816f3a,17
b022cba86,23
8ff70700d,17
9467401d6,23
132719309,23
50bf7744e,17
db47f8920,10
ec5bfe219,23
095a6d245,17
588f7397f,10
6f9eadffb,17
802907092,23
be39a8871,17
3b0bbd1da,17
f3bebfb56,10
b67a36510,23
d354dce4b,23
7a8747d7b,17
5b00d77fa,17
4f6e4f097,10
7ef417a44,23
85b769427,10
777b118c8,17
ac155150d,23
3fe0369b8,23
1a24795a3,23
0ca70d19c,17
cf1eff29a,17
fe8f47d1e,23
3b064b25a,17
71917c271,17
dd7c5fa83,12
2dbde8233,23
06defceab,23
5a55970ad,23
f25a5f303,23
e143ced0e,23
6606e8d7e,18
8f3d579c8,17
36d995c55,17
32ea5e03e,18
68bc65ca0,17
b4ef18a15,17
3fcead61b,17
d09dc9dd5,17
e04789694,18
55d68ab36,17
4df50c66e,17
dbe4d40b9,23
ba3f81b56,12
8d94e0b77,10
32af58c85,17
543d2fac3,18
f73bc3666,17
f6b50aeb1,10
65f32be6d,23
b3bfbff1f,17
bdd4aa62c,17
022f801bc,18
4da0f1bdd,12
4fbb06ed1,23
457fdb9b8,17
e3a71c03b,23
510b223cf,17
18f850b4d,10
f955ef2d0,17
f109f8584,10
db9673439,23
dbb391d3f,23
8b87b2f21,23
974d0139e,23
c4ec1e7de,17
3ab39acdc,23
6a0ac2d09,23
9d6de44f0,10
534e91880,10
b9c0662fa,23
b61008633,10
98de33bc9,23
c9bd1f599,23
4b7da2fb5,17
ccd3bc465,17
ec3a54dc6,18
aa7d3cfe0,10
4f48cc187,12
91a2ba786,10
0d42350fc,18
e2cefd02b,17
433f3a83f,17
7868d416a,18
9db0536ca,23
068f1b8e2,12
aefd0f061,17
275a0fc0c,18
5281fc845,17
076ba0261,18
0a33527e9,12
8760446bf,18
fb5371e7b,23
16859b597,23
e5001ade8,23
eadccba2d,17
806a580d7,12
8e2ff1226,23
94b789ac1,17
177389698,17
17817e8f8,18
62bb0ffa5,17
d60157507,18
2f5d0583e,12
41e6d9f63,18
9e1901ca0,18
69bfafa26,23
e6af91bbf,12
43739e7ab,10
364e9b5e7,18
12ec1d4cb,17
99a3e9c18,10
bdd4aa62c,18
cf7af9895,10
5b51ef7a2,17
20bab06f6,10
d1ee105cc,23
9c81b2ecb,17
de8af793e,17
d17bcb8cd,23
f0298d1fe,18
c3998738f,23
682b40044,12
910910c1d,23
91e712b97,12
61d1f5e59,18
9b3959bde,12
bda762977,17
5673135ca,18
24de2bce7,23
6a5511f58,23
0d489b79b,17
d53f58786,18
cf739c61d,10
0ad908b48,17
318fb828a,10
0bef9aa9e,10
3f5f4aa9a,12
af6a0d203,17
ff255b11a,17
af99851ef,23
c138beefa,18
a07dc1fb4,10
a227d1315,17
160c65ebc,12
dd38bef4b,23
47ff7542e,18
72ad27520,23
ddf23c4cd,23
61741251f,10
7277aa5a8,17
d37d68bdb,18
94b789ac1,23
9c60d9373,18
cddceb09a,17
0a8974fbc,17
3ab39acdc,17
5af0790a0,23
b988da7d0,23
c47a78cc1,23
526be630e,23
400b7210c,17
90fcaa564,10
19efc5fcb,17
3d28b6a6b,17
52489a0d1,12
88c3d9a42,17
3458e20b8,10
cee9c110c,23
c06d6231c,17
f8c661973,12
fbab42376,23
ff672e3bb,17
31d654f96,10
d553ca9b2,17
8b713bb0c,18
9cb5f0d5f,17
0a9143370,10
d5fa60cbb,23
6553d31ad,23
30095c4fe,17
820799e38,12
0e0a36d7a,23
53795fda1,17
983a13114,18
16553d5cd,23
30ef6469d,18
49b80ec61,12
91554a8fb,23
4917f357a,23
d03a7b4f8,10
79f38de91,23
c7c41bf35,23
566e4155f,18
b6aa1c73f,12
ca99623ca,10
ec24a4d07,18
821ab7ea6,18
517b8984e,18
5f9ccf567,18
e393a4c21,23
71f6e25da,10
5f51598f1,17
6770bda7d,12
837d77a0e,10
f5c3420f6,10
a5a731f5d,23
ffc6031f8,17
17402f75a,12
373ec0df1,17
24b29f809,23
bd62d4fa2,23
aa5512382,12
50de63436,23
5d6f92026,12
3710abba6,12
450f7f9ee,17
c9d617218,10
53e03be42,23
088a32d3e,23
6444d49cc,23
288e5d13f,23
fdda158ed,12
b9876beef,23
b5a27f61b,23
1d50498d8,10
7a2c2ab70,12
4a8ba0041,23
9896fe27c,23
6c46ba8f1,17
f3f42968a,12
131dc7876,23
e629fec25,10
8c7648ac2,17
5fcd09edb,17
29213ed4e,10
1383208d3,10
053aeb7bd,23
8e9bf8405,10
812725990,17
d21aa62a1,17
0e57bfc3a,10
34e6d5210,23
9d293be93,12
95b72ea60,23
477119234,17
e3651f526,17
20de9e491,23
a2b073406,23
9dd7f882f,23
43423d1e3,17
356b93991,18
ecb326f94,17
1cef26217,12
c634dd8de,10
c47ee8e2f,23
6ff194238,18
ed3c557ff,23
ab2a99147,10
909fd946a,17
728459067,10
4cfc749c3,17
9cb5f0d5f,23
1d6ad1c81,23
40e97e435,18
7ea9d320a,23
ad3e23adc,12
aecf3d8d2,17
d58b25d04,23
a2ae08a6e,17
e3b99eb44,10
08f1d28d2,17
a114f20bd,12
3f056b3d1,23
d583a3fd4,10
e4792e365,23
8e2ff1226,17
1ce06e027,10
2d0b599f2,17
10fc9a772,12
8eab581da,12
39e58073a,18
dd46cb626,17
a9637eb5b,23
f16860025,18
45f43a9ed,12
8c44ed2cf,10
ef1d98fff,23
c21cff9ba,17
706e6f1e8,12
9fcfdb991,17
f7edb8a8c,23
66c798e69,17
a0df1bd4b,23
37e8f76ab,10
73441957d,23
ccd0a0bff,12
a2441a74b,17
9d56dc0b8,10
8e0e7cc78,10
7c2ddfd43,12
946390b26,10
38bbedd15,10
2e3c703af,23
04e8c27b7,23
da329b0a5,17
59a9eb657,23
c7dc9f7f4,23
9bb6e3e6b,23
ed3c557ff,17
4d5d2d2b7,17
9367e95cc,12
c68fb36e7,17
ec02f75ce,12
46e01323b,17
745537ab3,12
444ff0bad,23
77cde7112,23
fa9513274,18
e42215aa0,23
158c5acb6,18
e3ab7b645,12
edcb36c64,17
4e1d6ff44,23
dca449f04,23
d0b136e7b,10
25d81e0f5,18
5723a520c,12
84c429590,23
4c845907b,12
30a1defc2,17
3b0bbd1da,18
4d54e38a8,12
160add406,23
92d7efc6f,17
664a8e8e5,12
ef3647390,12
98893ac30,23
a2441a74b,18
32ea5e03e,12
6f036d0ff,12
d96068608,23
04af4dc74,18
d45ae0dc3,12
5b91eec8e,23
e37f19f7c,10
b46fd30dd,10
75c3ab824,10
5f51598f1,23
d169ed0b5,17
e3d8c24c6,17
1aa00dc63,23
b46ce77de,12
51cb253b0,23
d7a655c45,23
